AadhaarID,Name,Sex,Address,DOB,TotalTransactionAmount,AverageTransaction,MaxTransaction,MinTransaction,TransactionCount,Fraudulent
74645205996,Riaan Doctor,Male,"H.No. 30, Hegde, Farrukhabad-797050",29-04-1986,265164.5,29462.72,39755.32,15719.51,9,No
1.16162E+11,Shalv Dixit,Female,"H.No. 526, Agrawal Path, Chinsurah 318826",12-11-1952,133998,22333,40177.37,2049.19,6,No
8.66042E+11,Aarush Brahmbhatt,Female,"65, Gopal Road, South Dumdum 177225",12-04-1995,383263.39,27375.96,46816.5,6853.43,14,No
8.70562E+11,Aarush Gola,Male,"402, Kade Marg, Patna-374167",15-11-1981,95683.17,15947.19,26932.8,3149.28,6,No
8.35034E+11,Yasmin Sanghvi,Female,"86, Bhakta Street, Jaipur-258030",06-08-1990,159883.68,17764.85,32115.81,5238.52,9,No
8.966E+11,Aaryahi Raju,Male,"44, Barman Chowk, Shahjahanpur 823414",20-02-1992,214820.83,26852.6,49455.45,4657.78,8,No
28767548138,Nitya Tara,Female,"18, Chana, Gudivada-312604",07-07-1957,248897.42,22627.04,41948.61,4002.16,11,No
2.68774E+11,Aaryahi Andra,Female,"H.No. 668, Sarma Road, Korba-670860",22-02-1965,350766.34,29230.53,49772.38,9630.1,12,No
3.09452E+11,Priyansh Gopal,Male,"63/502, Acharya Nagar, Pondicherry 474916",06-01-1957,471797.27,31453.15,49861.86,2291.48,15,Yes
8.10509E+11,Ayesha Gopal,Male,"H.No. 108, Gandhi Street, Mirzapur 343961",23-10-2004,293659.9,24471.66,49171.83,932.06,12,No
9.58066E+11,Hansh Rau,Male,"33/71, Mahajan Zila, Barasat 382023",23-11-1972,159418.41,22774.06,41909.2,8731.11,7,No
44851579197,Tara Varkey,Male,"16, Khurana Zila, Loni 294240",19-12-1982,107943.04,17990.51,45908.75,1103.36,6,No
2.03571E+11,Yashvi Saran,Female,"88, Butala Zila, Danapur-866943",17-12-1956,155657.24,17295.25,44190.07,7107.26,9,No
4.17596E+11,Indranil Mangal,Female,"78/84, Varkey Road, Sagar-812308",24-08-1960,180956.11,25850.87,40564.33,10451.6,7,No
8.84183E+11,Arnav Reddy,Other,"403, Loke Ganj, Mumbai-955184",29-07-1993,379777.03,25318.47,45158.7,5320.19,15,No
2.54278E+11,Yuvraj  Yadav,Other,"H.No. 053, Chakrabarti Road, Pune 649837",15-06-1959,290236.42,26385.13,46744.25,2102.44,11,No
8.1665E+11,Priyansh Chaudry,Female,"36, Borah Path, Tiruchirappalli-272239",25-10-1977,436764.51,31197.47,48624.14,6581.55,14,Yes
23244123361,Neelofar Dhaliwal,Other,"269, Banerjee Ganj, Madurai 376182",22-11-1993,135188.64,16898.58,38802.87,346.74,8,No
3.76732E+11,Lavanya Bedi,Female,"H.No. 100, Dash Street, Agartala-900185",19-06-2002,397115.76,26474.38,41179.58,3675.67,15,No
1.3273E+11,Krish Boase,Other,"457, Dara Street, Tinsukia-810018",18-08-1964,167058.72,23865.53,47929.79,1837.85,7,No
213158299167,Diya Wal,Male,"H.No. 303, Hans Marg, Nagercoil-361721",19-09-1959,365033.46,26073.82,45419.72,678.27,14,No
5.85127E+11,Raunak Gokhale,Other,"H.No. 510, Borra, Haldia 926249",27-01-2000,333060.25,23790.02,43623.04,2088.24,14,No
84245607540,Stuvan Vora,Other,"54, Subramaniam Zila, Jalgaon 526771",20-02-1952,78433.19,13072.2,36960.15,1926.96,6,No
585033543868,Samiha Dewan,Male,"H.No. 22, Goda Marg, Shimla-769523",07-07-1970,307081.23,30708.12,49015.3,4030.37,10,No
6.60242E+11,Ira Kothari,Other,"19, Lall Marg, Chandigarh-503058",08-09-1976,295477.09,22729.01,46780.37,2382.53,13,No
2.44063E+11,Faiyaz Balan,Other,"472, Kade Circle, Bhagalpur 021260",23-10-1991,300712.45,20047.5,46500.65,727.1,15,No
5.72774E+11,Umang Bala,Other,"92, Borah Nagar, Ajmer 310962",10-07-1996,326837.52,23345.54,49244.94,1575.27,14,No
6.60487E+11,Anaya Sharaf,Male,"65, Srinivas Chowk, Baranagar-200928",08-05-1955,132276.35,22046.06,43258.18,5620.58,6,No
6.86537E+11,Vivaan Thaman,Other,"49/84, Kakar Ganj, Darbhanga-862369",31-03-1948,341215.24,26247.33,46235.06,266.54,13,No
1.69666E+11,Vihaan Chanda,Other,"56, Butala Marg, Serampore 341115",26-06-1985,382244.18,29403.4,49945.6,4639.23,13,No
8.83275E+11,Aniruddh Dar,Female,"11/39, Shukla Nagar, Maheshtala 034199",29-06-1947,170292.02,28382,49486.7,10429.66,6,No
2.78195E+11,Azad Bajwa,Other,"H.No. 05, Issac Road, Satna 521568",24-04-1951,465358.47,31023.9,49461.52,3083.33,15,Yes
6.05688E+11,Anay Raj,Male,"04/22, Baral Chowk, Ahmednagar-228898",28-09-1996,124708.72,17815.53,32861.2,7183.31,7,No
1.77345E+11,Alia Srivastava,Female,"H.No. 59, Bahri Marg, Mathura-991297",25-01-1951,316602.24,22614.45,44020.51,1394.43,14,No
2.29464E+11,Hridaan Sinha,Other,"17, Chad Path, Nanded 495511",18-08-1956,156586.2,31317.24,49806.26,13045.12,5,No
9.25299E+11,Pranay Khalsa,Other,"21/970, Varughese Path, Rewa 927589",12-10-1965,288713.29,24059.44,47352.72,810.21,12,No
7.90834E+11,Dharmajan Sanghvi,Male,"H.No. 09, Shanker Nagar, Kishanganj-214629",11-08-1971,240373.61,26708.18,48524.82,2893.14,9,No
2.33721E+11,Mamooty Hari,Other,"H.No. 77, Yogi Circle, Moradabad-216636",22-10-1966,128084.72,21347.45,45316.43,6714.19,6,No
7.71805E+11,Samar Garg,Female,"71/470, Brahmbhatt Circle, Ulhasnagar-590960",17-06-1999,183026.56,22878.32,45258.94,579.16,8,No
7.3997E+11,Vritika Kale,Female,"H.No. 306, Date Road, Gwalior-146147",24-09-2003,271431.33,20879.33,37854.95,425.21,13,No
8.77222E+11,Eshani Chhabra,Male,"H.No. 165, Butala Road, Karnal 778265",16-07-2006,175950.72,21993.84,38961.71,5235.56,8,No
9.39252E+11,Aayush Mand,Female,"99/255, Borra Nagar, Siliguri-516480",05-02-1975,381291.94,29330.15,49059.6,7334.83,13,No
7.46966E+11,Myra Kar,Female,"368, Rama Street, Thrissur 339055",16-07-1945,188315.58,20923.95,39566.91,1072.03,9,No
8.33987E+11,Ryan Krishnamurthy,Other,"76/655, Kala Circle, Raipur 765289",04-07-1955,408029.99,34002.5,49347.77,3059.91,12,No
54857417215,Vaibhav Dhar,Other,"91/111, Randhawa Nagar, Vasai-Virar-981789",12-04-1999,338990.76,30817.34,43710.14,16459.32,11,No
21557325737,Nitya Dhillon,Female,"786, Chaudhari Zila, Amravati-766053",23-12-1978,289409.55,28940.95,48574.79,7099.47,10,No
8.0851E+11,Priyansh Wable,Female,"30, Babu Marg, Indore 589552",17-05-1983,236873.64,16919.55,42589.15,3448.76,14,No
6.47725E+11,Nakul Mall,Other,"60/96, Ravi Street, Malegaon-582631",02-10-1992,264944.32,24085.85,44480.91,526.04,11,No
8.73959E+11,Dishani Bhargava,Male,"25/31, Arya Zila, Hyderabad-098196",27-02-1946,99961.3,19992.26,47230.29,2068.68,5,No
1.55333E+11,Amani Ravel,Female,"343, Trivedi Circle, Burhanpur 041209",07-06-2003,134486.69,26897.34,44954.09,6951.88,5,No
7.36078E+11,Faiyaz Karpe,Male,"442, Barad Zila, Mirzapur 617061",18-07-1977,183102.56,26157.51,47040.72,8227.86,7,No
5.56332E+11,Lakshay Sankar,Female,"H.No. 72, Dixit Street, Mangalore-155799",16-08-1981,121415.17,24283.03,42888.9,462.05,5,No
4.16432E+11,Indranil Lal,Male,"908, Lad Nagar, Thrissur 130523",11-02-1950,108599.38,13574.92,29850.6,562.77,8,No
862149756411,Pryansh Devan,Male,"H.No. 584, Sharma Chowk, Junagadh-342346",10-06-1951,125585.35,17940.76,42087.11,1521.06,7,No
50702608698,Ivan Sundaram,Male,"76, Shenoy, Imphal-966395",19-11-1969,129983.59,18569.08,48439.65,3409.65,7,No
6.8729E+11,Alisha Chacko,Other,"64/98, Issac Path, Raipur 562531",30-01-1959,283944.08,21841.85,47120.23,4201.23,13,No
6.49133E+11,Umang Bora,Other,"H.No. 505, Kaul Ganj, Muzaffarpur 649383",11-06-1951,326685.47,25129.65,46737.76,1807.84,13,No
613081742154,Ssanvi Ramanathan,Female,"65/533, Suresh Nagar, Panchkula 461172",13-05-1985,199145.28,24893.16,40867.78,5979.17,8,No
4.85525E+11,Kiara Handa,Other,"H.No. 09, Kashyap Nagar, Mira-Bhayandar-088050",01-03-1949,175947.94,19549.77,48241.2,3249.58,9,No
4.25477E+11,Divit Thakkar,Male,"H.No. 55, Baral Marg, Kumbakonam-647715",28-06-1986,146340.4,20905.77,42016.64,934.29,7,No
8.80858E+11,Aniruddh Choudhury,Other,"156, Chada Ganj, Jhansi 800401",15-09-1947,243353.36,34764.77,47761.01,11390.25,7,No
6.34065E+11,Dhanuk Deo,Male,"H.No. 22, Karpe, Cuttack 296718",04-05-1980,204696.02,22744,47967.86,117.65,9,No
2.72363E+11,Kashvi Khare,Male,"H.No. 73, Deo Zila, Gwalior-833117",15-07-1948,227091.94,28386.49,48171.53,6261.22,8,No
4.50185E+11,Abram Sampath,Female,"37, Garde Zila, Gudivada-472812",29-04-1959,183206.84,30534.47,44023.32,7768.46,6,No
4.06418E+11,Veer Kara,Other,"146, Sankar Street, Gangtok-271130",12-04-2005,187046.84,31174.47,47990.75,4519.79,6,No
7.66014E+11,Kabir Deol,Female,"87/541, Basak Circle, Chinsurah 268685",21-01-1948,122980.23,20496.71,35683.47,745.01,6,No
4.179E+11,Purab Goyal,Male,"66/343, Chakrabarti Marg, Bettiah 861031",19-05-1959,372342.71,26595.91,48339.81,2089.26,14,No
7.98066E+11,Baiju Wason,Male,"181, Chowdhury Road, Katni 134732",27-11-1997,297269.33,33029.93,48681.62,12510.18,9,No
7.05742E+11,Shray Ray,Male,"01/289, Shankar Chowk, Mathura 512257",02-02-1954,336127.26,28010.6,42846.65,5154.78,12,No
2.63476E+11,Nitya Khalsa,Male,"H.No. 241, Sane Street, Hindupur-790737",18-11-1951,125592.98,20932.16,32151.16,9570.51,6,No
2.69131E+11,Advik Mander,Other,"82/21, Doshi Zila, Bidhannagar 584745",28-08-1975,301667.95,30166.79,49972,4202.36,10,No
7.03824E+11,Sumer Dora,Female,"H.No. 480, Jha Street, Ajmer 703965",23-06-1958,417018.31,27801.22,49918.79,7354.3,15,Yes
6.45466E+11,Kartik Gulati,Other,"87/824, Wali Path, Katni 443098",13-03-1992,212284.07,30326.3,45882.22,4921.41,7,No
8.78519E+11,Manjari Bhat,Other,"54/10, Sani Chowk, Kirari Suleman Nagar-849824",26-07-1977,127725.99,25545.2,49789.85,3326.42,5,No
87805721514,Chirag Sura,Other,"03, Tella Road, Meerut 406500",19-07-1961,309283.1,34364.79,49311.71,10838.69,9,No
8.45399E+11,Stuvan Vyas,Other,"H.No. 423, Master Marg, Ramagundam 075366",07-08-1971,139289.41,27857.88,48869.96,6072.2,5,No
8.62339E+11,Pranay Dora,Male,"65/92, Dass Ganj, Erode 441497",31-07-1981,198234.94,33039.16,47456.59,19433.81,6,No
2.52145E+11,Uthkarsh Srinivas,Female,"875, Sani Circle, Bhind-676670",15-07-2006,213881.83,19443.8,43977.13,3138.95,11,No
1.20801E+11,Tiya Kade,Female,"43/98, Bhatt Path, Meerut 260787",18-07-2001,125872.69,20978.78,47790.01,9171.16,6,No
2.95927E+11,Dharmajan Bala,Male,"H.No. 91, Mandal Road, Bathinda 198038",31-03-1954,314725.34,24209.64,46758.12,5076.11,13,No
5.78672E+11,Himmat Choudhury,Male,"40/793, Bandi Zila, Jamnagar-813317",11-02-1946,367370.87,30614.24,46064.12,5029.14,12,No
5.89989E+11,Vihaan Bala,Female,"72, Trivedi Ganj, Pudukkottai 916202",29-01-1954,174847.56,21855.94,31354.33,14718.66,8,No
6.47408E+11,Jayan Kumer,Other,"44, Raja Zila, Arrah-661766",09-07-1954,171211.37,24458.77,48212.94,2455.66,7,No
68828503172,Raunak Karnik,Male,"H.No. 940, Kapadia, Raichur 774025",04-07-1978,194905.38,19490.54,46223.18,336.47,10,No
3.52636E+11,Stuvan Zacharia,Other,"259, Karpe Path, Alwar-617679",12-04-1989,447723.36,29848.22,47019.61,610.35,15,Yes
7.49061E+11,Kashvi Sathe,Male,"59/959, Thakkar, Jabalpur 023117",31-08-1990,316842.55,26403.55,47770.33,3418.37,12,No
6.31873E+11,Samarth Sidhu,Male,"H.No. 266, Balasubramanian Zila, Raipur-175902",17-04-1966,141314.27,17664.28,36943.48,1997.76,8,No
7.90834E+11,Rasha Kar,Female,"98/334, Kanda Chowk, Kamarhati-268319",01-02-1946,105228.82,15032.69,32242.34,3276.1,7,No
2.35707E+11,Lagan Badal,Male,"H.No. 69, Venkatesh Circle, Mau-873397",09-07-1978,115328.55,16475.51,36052.07,971.34,7,No
283231709142,Talmur Ranganathan,Other,"66, Mane Zila, Warangal-117309",22-03-1981,152483.06,25413.84,42864.45,1087.69,6,No
7.96497E+11,Akarsh Choudhury,Other,"51, Dhawan Street, Deoghar 898469",16-04-1948,323657.79,26971.48,48155.68,8099.8,12,No
6.42077E+11,Keya Keer,Female,"H.No. 564, Ganesh Ganj, Kolhapur 850371",06-04-1999,292377.76,26579.8,47623.47,6742.42,11,No
9.39579E+11,Shray Banik,Female,"72/40, Badami Zila, Guna-567430",15-03-1948,207075.53,34512.59,47791.07,20664.68,6,No
3.35827E+11,Urvi Srinivas,Female,"08/706, Sarin Marg, Chinsurah-821719",03-12-2005,346357.31,24739.81,46569.5,6614.7,14,No
9.80111E+11,Sumer Chatterjee,Female,"H.No. 331, Ahluwalia, Haridwar 030102",13-04-1974,218612.99,27326.62,47902.03,3394.55,8,No
5.24418E+11,Raunak Bains,Other,"34/29, Khatri Marg, Solapur 483753",15-08-1974,337640.83,30694.62,49166.82,7417.65,11,No
2.67672E+11,Tejas Sridhar,Male,"45/88, Bala Zila, Bulandshahr 413283",10-03-1965,359712.61,29976.05,49391.98,3537.61,12,No
3.5416E+11,Gatik Grewal,Female,"771, Krish Nagar, Gopalpur-964104",04-08-2002,195584.98,21731.66,45804.66,2695.35,9,No
7.65047E+11,Bhamini Andra,Male,"03, Gupta Ganj, Chinsurah-408509",12-10-1995,378541.02,27038.64,47151.02,1058.69,14,No
4.83744E+11,Prerak Tailor,Male,"H.No. 96, Srinivas Marg, Moradabad-487699",07-10-1996,155161.43,22165.92,40330.71,3813.29,7,No
1.00591E+11,Ishaan Halder,Male,"044, Dash Zila, Naihati-094544",06-09-1997,91447.36,18289.47,37328.6,4149.66,5,No
1.0633E+11,Gatik Dube,Male,"770, Agrawal Chowk, Vadodara 783609",07-11-1949,197442.93,16453.58,43263.91,415.04,12,No
3.11325E+11,Manjari Majumdar,Female,"24, Dayal Road, Warangal 229031",25-12-1988,259649.89,19973.07,45144.4,448.46,13,No
96170159591,Kabir Sani,Other,"H.No. 830, Dave Road, Nagercoil-935118",22-08-1974,233731.15,25970.13,40567.17,15082.33,9,No
3.92057E+11,Diya Barad,Female,"H.No. 95, Banik Marg, Ichalkaranji-059556",03-07-2005,139553.22,19936.17,49489.13,1321.54,7,No
881861836718,Anay Ba,Female,"H.No. 04, Rajagopal Street, Aligarh 588953",21-03-1970,277015.5,23084.62,47764.27,1181.87,12,No
2.70512E+11,Nirvi Seshadri,Other,"11/398, Rau, Siwan-809788",13-06-1974,235779.32,19648.28,40200.74,747.08,12,No
2.59711E+11,Priyansh Chatterjee,Other,"H.No. 35, Kari Ganj, Bhiwandi 765158",05-11-1978,262261.32,32782.67,45516.29,14098.51,8,No
3.2594E+11,Taran Sachdeva,Male,"63, Thaker, Siwan-692944",06-09-1967,263992.02,26399.2,47917.81,4157.25,10,No
7.63425E+11,Fateh Baria,Female,"29/73, Vora Street, Kanpur-164871",14-01-1953,398723.76,28480.27,49265.7,6106.08,14,No
3.88437E+11,Adah Arora,Female,"886, Goel Marg, Rewa-415599",26-05-1986,112209.21,22441.84,38812.27,1538.18,5,No
2.7683E+11,Saira Bajaj,Male,"67, Dhillon Marg, Guntur 981209",17-10-1984,344241.89,24588.71,47809.67,6283.36,14,No
5.9046E+11,Pari Sachar,Male,"H.No. 72, Sen Circle, Jalandhar-475098",01-07-2005,79021.66,13170.28,35721.3,4683.78,6,No
5.51652E+11,Reyansh Edwin,Other,"203, Lad Marg, Ramgarh-154214",27-01-1963,216745.83,19704.17,43446.39,1308.84,11,No
3.70033E+11,Advika Choudhury,Other,"H.No. 91, Sama Ganj, Ajmer-388209",08-11-2005,260718.35,17381.22,44094.18,1273.31,15,No
2.63281E+11,Hrishita Luthra,Female,"05, Dhaliwal Ganj, Raiganj-741176",01-01-1978,199405.17,28486.45,44906.61,9869.04,7,No
166255922412,Dhruv Venkatesh,Other,"15/131, Brar Path, Bally-815061",02-06-1992,254801.45,31850.18,44343.94,10087.12,8,No
39438040325,Kanav Trivedi,Male,"296, Samra Ganj, Bilaspur 272742",13-12-1957,342742.47,28561.87,49340.38,8346.34,12,No
9.1009E+11,Ela Varty,Other,"17, Ramaswamy Circle, Mangalore-649693",01-11-1987,307924.75,21994.62,48549.92,1846.14,14,No
3.1072E+11,Anya Lanka,Female,"477, Ram Marg, Tinsukia-413146",13-11-1974,140668.06,15629.78,34620.9,1225.69,9,No
7.6209E+11,Nishith Saini,Male,"751, Sarin Path, Warangal-796304",02-09-1962,378501.04,25233.4,47612.11,197.23,15,No
9.57783E+11,Vardaniya Jayaraman,Other,"H.No. 56, Tailor Marg, Khandwa 404735",26-09-1987,362992.31,24199.49,44250.14,8780.74,15,No
935520153485,Ryan Kapur,Other,"28/31, Ramaswamy, Bikaner-061558",03-10-1948,262115.08,37445.01,48863.88,19877.87,7,No
1.88082E+11,Ela Cheema,Other,"863, Suresh Road, Dindigul 638300",21-12-2001,264575.4,26457.54,46852.71,11031.66,10,No
1.37231E+11,Tanya Lall,Male,"02, Dora Road, Berhampur 041662",14-02-2000,220019.23,20001.75,47582.37,909.38,11,No
7.16561E+11,Dharmajan Barad,Female,"H.No. 089, Batta Street, Jammu 568044",01-09-1975,340529.94,30957.27,48852.97,12863.53,11,No
8.16996E+11,Divyansh Deo,Female,"H.No. 61, Jani Ganj, Karawal Nagar-883607",12-12-1993,271258.93,30139.88,49201.61,4239.94,9,No
54873961029,Umang Singh,Other,"906, Kapoor Ganj, Morena 452118",15-12-1955,152313.36,30462.67,46783.36,22277.06,5,No
6.80492E+11,Ayesha Rajagopalan,Male,"697, Sengupta Circle, Allahabad-464520",24-04-1966,231591.1,25732.34,48431.38,3933.35,9,No
2.60424E+11,Aarush Desai,Male,"75/35, Sathe Chowk, Kottayam-161620",20-06-1955,194945.66,27849.38,47338.95,7046.34,7,No
85816704686,Ivan Chaudhary,Male,"H.No. 672, Kohli Circle, Motihari-604164",06-06-1993,143049.39,23841.56,43901.27,4453.42,6,No
2.10219E+11,Elakshi Edwin,Female,"483, Saxena, Kadapa 773522",14-02-1980,205233.54,17102.79,39520.91,658.56,12,No
1.8498E+11,Aayush Dutt,Male,"710, Sarna Road, Kollam-875109",01-05-1976,360684.53,24045.64,49369.35,3492.9,15,No
3.65346E+11,Darshit Gill,Male,"03/446, Sethi, Arrah-488319",23-10-1954,432156.36,28810.42,47474.46,11313.58,15,Yes
1.69062E+11,Sana Chokshi,Female,"H.No. 91, Sur Street, Bathinda 973203",02-03-1959,256506.89,28500.77,47429.95,15244.49,9,No
6.98999E+11,Zaina Rana,Other,"705, Wason Zila, Durgapur-675481",27-10-1960,339894.65,26145.74,48619.8,3240.43,13,No
5.8645E+11,Uthkarsh Soman,Other,"H.No. 48, Lanka Path, Mahbubnagar-242687",15-10-1977,409258.53,27283.9,43819.67,8753.44,15,Yes
3.67498E+11,Piya Bhasin,Female,"057, Seth Path, Kakinada-652037",01-01-1969,194701.66,32450.28,49194.99,263.03,6,No
7.78949E+11,Aarush Raj,Other,"H.No. 548, Raman Nagar, Visakhapatnam 760440",17-05-1983,246590.58,20549.22,42374.02,2819.66,12,No
1.6309E+11,Saanvi Keer,Female,"781, Goyal Nagar, Pudukkottai-221610",11-08-1974,189669,23708.62,42054.32,7669.97,8,No
5.32639E+11,Saksham Bava,Female,"90/552, Sen, Hazaribagh 660138",23-06-1954,285040.67,23753.39,45889.51,258.1,12,No
6.73312E+11,Dharmajan Chadha,Female,"H.No. 93, Jayaraman Circle, Delhi-485157",07-02-1983,148997.49,29799.5,44102.13,13658.99,5,No
8.55079E+11,Jivika Kata,Male,"H.No. 212, Rajagopal Path, Gulbarga 357134",01-06-2001,149649.27,24941.55,39424.69,10435.83,6,No
6.43437E+11,Siya Shroff,Female,"H.No. 642, Boase Road, Haridwar-343244",27-11-1991,116775.04,23355.01,36236.51,17324.69,5,No
6.16453E+11,Prerak Batra,Male,"55/87, Badami Street, Bhatpara-654358",22-12-1981,393586.3,28113.31,48960.16,2598.25,14,No
7.24264E+11,Divij Kunda,Male,"740, Kuruvilla Zila, Fatehpur-795596",27-03-1989,281060.23,35132.53,43604.21,14483.33,8,No
7.62304E+11,Samarth Sarna,Other,"H.No. 267, Ganguly Path, Gaya 427820",24-04-1974,130380.75,21730.12,38975.06,9028.31,6,No
52480880622,Kiara Mani,Male,"34, Rama Path, Karawal Nagar-403816",02-06-1973,251248.15,20937.35,43098.25,5582.82,12,No
1.62048E+11,Kashvi Iyer,Other,"24/98, Mander Ganj, Bikaner 014257",21-05-1971,391569.69,32630.81,48109.03,17761.38,12,No
3.19542E+11,Amira Acharya,Male,"441, Dalal Street, Junagadh-328507",13-04-1955,285991.63,28599.16,39708.65,7078.27,10,No
6.32037E+11,Divyansh Keer,Male,"67, Singh Ganj, Munger-526546",21-01-1985,285306.1,23775.51,47984.96,3998.36,12,No
4.58871E+11,Hazel Banik,Other,"90/392, Gour Ganj, Mau 996132",17-06-1978,131355.91,18765.13,37242.45,651.7,7,No
5.0766E+11,Azad Cherian,Male,"H.No. 562, Borra Marg, Bijapur 704622",15-07-1971,398057.94,30619.84,49932.36,7751.17,13,No
7.42232E+11,Anahita Swaminathan,Male,"16/025, Mani Street, Malda 766046",14-01-1962,221720.47,24635.61,49522.27,704.53,9,No
3.01205E+11,Lavanya Swamy,Male,"58, Bhalla Path, Khandwa-120594",19-11-1957,169901.15,28316.86,40603.32,17202.58,6,No
4.98856E+11,Adira Bajwa,Male,"H.No. 177, Bakshi Path, Nizamabad-540842",23-05-1964,239165.48,29895.69,49566.51,2659.2,8,No
9.44128E+11,Zeeshan Anand,Other,"H.No. 09, Gokhale Zila, Katihar-321812",23-11-1993,341859.59,26296.89,47429.73,2939.46,13,No
6.26706E+11,Myra Koshy,Female,"H.No. 79, Tella Ganj, Thane-550291",05-06-1970,291156.25,20796.88,42674.61,4207.28,14,No
1.20072E+11,Shayak Ray,Male,"02, Sen Road, Bhiwani 394498",15-02-1981,83015.72,16603.14,49816.15,4209.05,5,No
90326714949,Rania Sura,Other,"73/64, Devi Street, Mahbubnagar 244063",17-09-1945,134871.09,22478.51,41606.93,3340.63,6,No
8.17934E+11,Nirvi Bhattacharyya,Female,"95, Choudhry Zila, Surat 319497",11-06-1984,345672.03,26590.16,46531.81,1936.2,13,No
1.21722E+11,Myra Rajan,Other,"80, Garde Path, Sri Ganganagar 277382",27-03-1990,265017.61,22084.8,47134.68,1788.42,12,No
1.00463E+11,Onkar Jaggi,Female,"78/513, Goyal Circle, Jalna 770299",14-10-1955,300865.63,27351.42,47907.45,4751.5,11,No
23897432600,Jivika Kale,Other,"H.No. 87, Guha Ganj, Burhanpur-163319",16-02-1964,245399.2,24539.92,41233.77,236.59,10,No
8.4869E+11,Indranil Sinha,Other,"H.No. 36, Dewan, Mirzapur-588863",23-11-2002,404623.78,28901.7,46459.52,2321.23,14,Yes
5.93744E+11,Bhamini Shukla,Male,"22, Dhawan Marg, Katihar-721696",25-11-1972,285753.49,21981.04,47001.85,212.3,13,No
4.90794E+11,Kanav Ravi,Other,"998, Ram Zila, Lucknow 932971",20-08-1969,205232.98,20523.3,46560.99,809.15,10,No
2.44626E+11,Shanaya Rama,Other,"753, Keer Street, North Dumdum-410397",08-09-1975,302155.47,23242.73,47683.92,3392.52,13,No
8.87818E+11,Piya Ramachandran,Male,"781, Toor, Kozhikode-710068",08-06-1976,230040.45,20912.77,45702.61,1009.55,11,No
8.37506E+11,Devansh Srinivas,Male,"81/980, Khosla Chowk, Jalna-056876",08-01-1998,294077.44,36759.68,48809.25,24222.81,8,No
7.87655E+11,Ehsaan Bora,Other,"25/652, Sunder Ganj, Bhagalpur 151773",13-12-1995,158626.29,15862.63,37511.66,471.15,10,No
8.81928E+11,Shlok Divan,Male,"49, Rajan Road, Kolhapur-840359",13-02-1969,284771.37,18984.76,48207.49,2840.16,15,No
8.51745E+11,Ryan Sehgal,Other,"74, Sharaf Street, Siliguri-643039",20-01-1965,185882.73,30980.46,46577.37,4848.35,6,No
4.55129E+11,Keya Ahuja,Female,"88/679, Gera Street, Dharmavaram 856728",29-03-1977,406630.17,31279.24,46766.94,4075.19,13,Yes
6.15402E+11,Anya Yadav,Male,"15/343, Borde Ganj, Narasaraopet-357790",06-08-2001,290888.02,24240.67,46988.89,5283.3,12,No
73228360849,Seher Chaudhuri,Other,"15, Bandi Circle, Begusarai 079833",11-11-1961,171254.84,21406.85,41268.77,6896.9,8,No
9.69444E+11,Prisha Sachdev,Male,"72/094, Dewan Circle, Jhansi-284033",14-01-1961,90570.48,15095.08,32076.95,6496.73,6,No
1.32033E+11,Anahi Bawa,Male,"13/717, Khanna Zila, Salem 974909",06-09-1973,270041.69,19288.69,48864.78,240.6,14,No
4.73237E+11,Saira Wali,Female,"97/04, Rama Marg, Kumbakonam-587844",01-06-1962,123208.73,24641.75,41701.13,8014.39,5,No
7.84361E+11,Shlok Devan,Male,"H.No. 270, Warrior Path, Shimla 216417",28-09-1967,278429.87,23202.49,39306.19,8106.87,12,No
2.03764E+11,Kartik Sood,Other,"484, Sinha Path, Kota 939252",30-06-1957,244380.46,27153.38,44251.95,1112.95,9,No
4.439E+11,Vedika Chada,Male,"H.No. 87, Subramaniam, Agartala-474524",23-02-1967,277544.23,27754.42,38507.36,9449.86,10,No
4.937E+11,Shanaya Dugar,Male,"96, Agate Marg, Pimpri-Chinchwad-527403",20-08-1958,216228.95,27028.62,42904.04,16303.28,8,No
1.19236E+11,Ritvik Thaman,Male,"H.No. 66, Mallick Path, Thrissur 411325",17-08-1993,285320.21,19021.35,49489.75,683.72,15,No
3.9115E+11,Saira Rajagopalan,Male,"67/349, Guha, Salem-548574",29-12-1951,469086.39,31272.43,49613.62,104.64,15,Yes
8.2019E+11,Himmat Wable,Other,"62/294, Chaudhry, Bahraich 598488",21-01-2000,101508.58,14501.23,33116.9,6718.15,7,No
1.35462E+11,Prisha Apte,Female,"55/732, Kaur Path, Jaunpur-534490",25-12-1953,149367.26,29873.45,44655.73,5515.37,5,No
3.12616E+11,Nayantara Jha,Other,"08, Kunda Nagar, Pune-085874",22-07-1983,420394.69,30028.19,49861.16,7954.12,14,Yes
36468719120,Myra Bandi,Male,"18/28, Mangat Zila, Phagwara 164772",12-09-1988,337451.33,25957.79,47483.17,5746.93,13,No
9.81388E+11,Devansh Chand,Female,"60/69, Aggarwal Road, Surat 356243",15-03-1984,231296.85,23129.68,41911.28,2296.53,10,No
7.16816E+11,Hazel Karnik,Male,"92/323, Chana Road, Indore-285155",05-02-1960,156976.29,31395.26,43158,4273.33,5,No
2.91137E+11,Krish Doshi,Male,"H.No. 33, Arya Path, Gandhidham-607360",04-11-1974,193021.32,27574.47,49421.3,14564.1,7,No
2.183E+11,Yakshit Chaudhary,Male,"11/28, Sengupta, Ujjain-179556",07-06-1957,132035.18,18862.17,41235.42,2115.12,7,No
9004365515,Divij Sura,Other,"H.No. 81, Anand Chowk, Nadiad 615541",24-12-1973,256512.34,19731.72,49534.31,2545,13,No
80706336998,Manikya Sarna,Female,"04, Bajaj Path, Kulti 902822",27-09-1991,440676.45,31476.89,49937.18,3129.52,14,Yes
8.80443E+11,Tarini Bahl,Female,"45/962, Chadha Marg, Kadapa 251207",29-04-1958,135108.26,16888.53,34862.56,3301.88,8,No
2.89464E+11,Yuvaan Rattan,Other,"50/05, Walia Nagar, Visakhapatnam 608698",27-12-1955,299937.01,23072.08,48042.61,2134.87,13,No
26355824301,Divyansh Amble,Female,"H.No. 611, Kata Chowk, Jorhat 290477",26-08-2005,274614.66,24964.97,48002.59,1222.35,11,No
8.82453E+11,Gokul Edwin,Other,"79, Bhatnagar Ganj, Kottayam 231164",16-10-2004,319124.69,21274.98,45832.65,2970.42,15,No
1.97872E+11,Nishith Chowdhury,Male,"45/798, Mani Circle, Mira-Bhayandar 652906",09-06-1987,378347.28,25223.15,49972.23,1834.4,15,No
1.78688E+11,Yashvi Chaudhary,Other,"032, Edwin Marg, Aurangabad-753967",21-01-1959,134029.53,22338.26,41896.08,754.7,6,No
6.57745E+11,Misha Deep,Female,"48/552, Garde Road, Jamalpur-158415",18-06-1973,276642.14,27664.21,44305.61,3904.97,10,No
4.33688E+11,Inaaya  Bhatnagar,Male,"11, Sawhney Circle, Cuttack 476818",11-11-1956,166980.51,23854.36,47085.85,3767.73,7,No
1.40429E+11,Diya Chatterjee,Male,"H.No. 358, Sridhar, Phusro-858382",02-12-1969,423680.83,35306.74,48317.77,4889.67,12,No
83566910627,Divyansh Sangha,Male,"28/963, Bakshi Road, Sagar-867752",16-07-1993,247330.44,24733.04,47644.06,2697.4,10,No
1.77683E+11,Aarav Barad,Male,"991, Shroff Nagar, Kolhapur 723626",17-01-1971,243344.29,30418.04,49258.83,11947.54,8,No
8.82603E+11,Nishith Tiwari,Other,"426, Seshadri Zila, Tiruppur 245018",11-08-1965,236016.77,23601.68,40184,2469.81,10,No
74926999699,Trisha Ratti,Female,"74/189, Bose Chowk, Mau-064176",30-03-1984,429139.75,28609.32,49063.66,12485.22,15,Yes
5.91408E+11,Rhea Saraf,Male,"811, Ram, New Delhi-660144",02-01-2006,221251.92,31607.42,41975.4,11229.09,7,No
69087261760,Navya Kumar,Other,"45/101, Dara Chowk, Korba 417899",05-01-1970,337831.18,28152.6,49735.12,8778.34,12,No
8.04056E+11,Arnav Ramachandran,Male,"11/35, Samra, Singrauli 577980",27-07-1971,361856.68,27835.13,46180.72,4765.52,13,No
3.08761E+11,Oorja Arya,Male,"H.No. 514, Suresh Marg, Sirsa-555347",08-10-1997,277823.25,30869.25,44959.8,7532.71,9,No
27300869661,Shaan Karnik,Male,"885, Shetty Marg, Malegaon 155983",23-12-1965,183161.6,30526.93,41702.14,3845.33,6,No
5.00168E+11,Divyansh Sen,Male,"H.No. 97, Shukla Street, Panihati 755752",28-11-1955,189386.27,18938.63,36525.82,2810.74,10,No
3.44078E+11,Advik Bhalla,Other,"84/88, Issac Street, Davanagere-196425",11-09-1980,311024.45,25918.7,44283.23,1071.18,12,No
6.02991E+11,Vivaan Bhavsar,Male,"49/915, Kant Ganj, Sambalpur-407333",28-12-2003,165303.01,20662.88,46576.19,4550.42,8,No
6.17817E+11,Advika Sabharwal,Male,"H.No. 430, Khurana, Vijayanagaram-628969",27-11-2004,141483.06,28296.61,48979.26,11021.67,5,No
5.2779E+11,Siya De,Male,"55, Dutta Ganj, Solapur 538921",15-11-2006,311143.25,20742.88,43219.73,2245.76,15,No
4.16781E+11,Heer Dugar,Male,"58/374, Toor, Jaunpur 796120",17-07-1982,191839.61,38367.92,44723.88,29490.75,5,No
2.13486E+11,Jhanvi Sachar,Female,"21, Bali Path, Jehanabad 097626",30-01-1959,205163.55,25645.44,43342.52,5837.77,8,No
5.6054E+11,Sahil Luthra,Female,"986, Sinha Street, Chennai 591191",27-06-1980,400092.73,26672.85,46362.56,871.55,15,Yes
2.23552E+11,Samiha Buch,Female,"22/07, Gandhi Zila, Bareilly-966672",03-02-2002,145472.35,24245.39,46859.65,3735.82,6,No
1.92597E+11,Jivin Bava,Other,"647, Chanda Zila, Rewa 351571",01-02-1980,295377.89,32819.77,47659.04,6431.02,9,No
93869484249,Akarsh Wable,Female,"51/208, Agate Nagar, Yamunanagar 099512",06-04-1957,391570.09,27969.29,45654.64,9034.21,14,No
6.76738E+11,Jivin Loyal,Male,"H.No. 295, Chakrabarti, Belgaum-709081",15-05-1999,365548.68,26110.62,48670.53,3267.71,14,No
9.37086E+11,Riaan Bhagat,Male,"82/17, Ramachandran Ganj, Pudukkottai 786718",22-11-1948,256119.37,28457.71,44162.72,2011.96,9,No
1.24826E+11,Nishith Goswami,Female,"36, Gola Nagar, Nangloi Jat-815899",22-03-1992,420984.43,30070.32,47586.83,7103.67,14,Yes
8.91562E+11,Tanya Mahajan,Other,"H.No. 27, Dhingra Ganj, Sambhal-617071",26-04-1966,313310.52,26109.21,48434.54,5200.81,12,No
8.18655E+11,Manjari Hayer,Female,"H.No. 08, Chandra Nagar, Aizawl 508004",18-08-1970,134625.55,26925.11,38672.86,13159.18,5,No
497859262384,Sumer Luthra,Male,"88/285, Chhabra Nagar, Berhampore 351373",21-04-1983,120023.33,24004.67,41667.92,10037.48,5,No
1.53642E+11,Azad Halder,Male,"H.No. 03, Chakrabarti Path, Ambattur-602293",01-10-1986,118926.77,19821.13,36419.3,8758.13,6,No
8.13675E+11,Aarna Sangha,Female,"46/066, Dewan Marg, Morbi 906072",21-07-1989,126916.48,21152.75,47403.96,1856.09,6,No
9.87809E+11,Devansh Ray,Male,"712, Gade Circle, Bardhaman 484494",27-10-1951,304238.7,23402.98,42837.02,3012.62,13,No
7.87442E+11,Vivaan Tata,Other,"73/28, Keer Nagar, Moradabad-306211",20-11-1960,453008.42,30200.56,48384.96,6531.95,15,Yes
2.00025E+11,Mannat Goyal,Male,"90, Sinha Circle, Bhagalpur-090254",03-03-2007,334945.97,22329.73,44165.89,377.93,15,No
8.8967E+11,Stuvan Kashyap,Female,"62, Krishnan Road, Kamarhati-357071",31-10-2001,444794.98,29653,49241.02,3572.7,15,Yes
8.12312E+11,Lavanya Lalla,Male,"850, Sani Zila, Alappuzha 925502",14-10-2005,49514.82,9902.96,18920.1,504.93,5,No
2.38751E+11,Piya Dada,Other,"H.No. 906, Bhasin, Vadodara 079649",04-10-1970,207167.14,17263.93,48667.47,1731.42,12,No
2.91877E+11,Siya Dani,Male,"H.No. 77, Karan Street, Rajahmundry-426425",17-10-1994,300698.12,25058.18,48021.49,8859.89,12,No
52229993621,Adah Swaminathan,Other,"H.No. 768, Iyer Ganj, Nagercoil 666777",14-11-1970,274175.01,24925,39990.21,8411.53,11,No
9.83584E+11,Tejas Ganguly,Male,"833, Sawhney Ganj, Jehanabad 957865",05-04-1988,197142.55,28163.22,47100.73,12769.42,7,No
7.9128E+11,Lakshit Hegde,Female,"H.No. 874, Jhaveri, Kollam-582686",15-09-1956,171568.62,28594.77,45542.11,8188.27,6,No
1.3753E+11,Anay Saran,Other,"24/92, Mani Marg, Saharanpur-573275",21-12-1985,110233.63,18372.27,36487.23,2809.1,6,No
4879788897,Parinaaz Bava,Female,"H.No. 005, Dugar Zila, Panihati 341595",21-02-1984,383437.51,25562.5,49877.53,3137.96,15,No
4.362E+11,Anika Gara,Male,"H.No. 18, Yohannan Street, Ujjain-189628",09-01-1982,358332.54,25595.18,44937.13,1239.74,14,No
3.0931E+11,Rati Dey,Male,"27/102, Khalsa Marg, Morena-095799",23-10-1956,271991.13,19427.94,48373.99,2515.98,14,No
1.11661E+11,Akarsh Korpal,Female,"H.No. 512, Ratta Street, Singrauli 135415",16-06-1985,241394.01,34484.86,46626.88,9977.77,7,No
3.04937E+11,Advik Rastogi,Female,"H.No. 43, Dey Circle, Unnao-203447",25-11-1973,363244.26,24216.28,43855.94,536.23,15,No
2.29462E+11,Arnav Deshpande,Male,"H.No. 80, Viswanathan Street, Chapra-463766",20-11-1946,401915.08,26794.34,46764.93,161.68,15,Yes
8.56423E+11,Rasha Guha,Female,"66/52, Sem Path, Suryapet 744171",02-04-1999,83927.82,16785.56,24793.37,8181.5,5,No
29907166906,Diya Wason,Male,"131, Grover Street, Jamnagar 110059",24-03-1949,171687.5,24526.79,45065.89,6411.49,7,No
34030109567,Keya Rattan,Other,"19/102, Sharma Ganj, Gaya-106330",24-03-1993,424949.29,28329.95,47293.93,6929.27,15,Yes
7.60108E+11,Vidur Dyal,Male,"792, Dhawan Chowk, Mango-801234",25-03-1954,256996.83,23363.35,40635.57,4590.04,11,No
7.12902E+11,Rati Bhatia,Male,"532, Ravi Marg, Ghaziabad 843645",26-06-1994,193511.2,17591.93,43524.44,2485.14,11,No
6.21301E+11,Eva Aggarwal,Other,"101, Gera Chowk, Udupi 170159",05-12-1996,296535.83,29653.58,49987.96,10307.64,10,No
9.62747E+11,Rasha Sangha,Male,"57/575, Doctor Chowk, Satara 392056",29-01-1976,195470.86,15036.22,48257.54,1047.13,13,No
7.97714E+11,Shaan Sunder,Other,"72, Shan Street, Gurgaon-256265",21-05-1945,203269.68,33878.28,41045.32,28189.75,6,No
5.3152E+11,Vritika Taneja,Female,"23/10, Keer Marg, Gopalpur-307624",26-11-2000,469462.22,31297.48,49485.92,10013.32,15,Yes
6.61237E+11,Manikya Chandran,Male,"62, Salvi Chowk, Nagercoil-157942",09-06-1960,216632.18,27079.02,41562.73,10625.68,8,No
9.19701E+11,Zaina Chokshi,Female,"H.No. 425, Sani Road, Pudukkottai-928455",13-05-1999,107110.68,21422.14,41008.71,4542.24,5,No
20418135998,Tushar Mandal,Other,"H.No. 756, Cheema Ganj, Muzaffarpur-748595",17-12-1991,430723.73,33132.59,48802.96,5686.64,13,Yes
1.86448E+11,Gokul Dyal,Other,"797, Dugar Nagar, Yamunanagar-951877",11-06-1985,161050.7,20131.34,40612.33,675.55,8,No
67571236914,Darshit Kar,Other,"H.No. 25, Khalsa Nagar, Rajahmundry-559782",07-10-1997,293300.97,26663.72,45200.2,4293.22,11,No
2.7697E+11,Samar Kibe,Female,"39/914, Shah Nagar, Loni 366044",03-05-1958,157993.81,26332.3,44989.39,2296.66,6,No
2.74884E+11,Ritvik Arora,Other,"H.No. 572, Rattan Chowk, Miryalaguda 975147",20-03-1963,359226.45,23948.43,46318.73,1378.49,15,No
1.70285E+11,Renee Raman,Male,"925, Bhatia Nagar, Khammam-525680",27-03-1987,355845.96,23723.06,44028.68,6340.38,15,No
8.79916E+11,Neelofar Edwin,Male,"H.No. 90, Edwin Road, Sasaram-271122",25-05-1951,189266.19,31544.37,37858.76,17951.58,6,No
2.36134E+11,Riya Dalal,Male,"H.No. 51, Garg Marg, Kumbakonam 808662",26-09-1981,284826.55,31647.39,47811.8,16128.76,9,No
7.24192E+11,Lakshay Kapur,Male,"H.No. 33, Roy Nagar, Faridabad-700332",03-09-2003,394533.42,28180.96,46574.76,2187.36,14,No
67821417468,Damini Dutta,Male,"60/847, Sami Nagar, Jamalpur 039033",04-02-1984,283032.45,35379.06,47364.53,26966.35,8,No
3.96987E+11,Aarush Ghosh,Female,"26/32, Aggarwal Circle, Shimoga 862394",14-03-1967,254719.89,25471.99,48946.92,2560.1,10,No
5.36051E+11,Shaan Yadav,Other,"H.No. 470, Ramachandran Chowk, Kurnool 106133",20-02-1996,300161.2,23089.32,48795.63,483.15,13,No
99424894204,Prisha Sandal,Female,"H.No. 70, Mander Ganj, Bellary-403253",08-06-1978,296551.12,26959.19,45161.18,8175.28,11,No
4.56578E+11,Saira Gade,Female,"27/78, Dhar, Solapur-009004",10-06-1944,171445.21,21430.65,39133.3,9695.15,8,No
680612025044,Ahana Halder,Female,"H.No. 533, Shanker Marg, Aurangabad-604014",02-02-1954,180395.54,22549.44,46602.58,556.89,8,No
7.67746E+11,Amani Wali,Male,"07/201, Seshadri Zila, Sirsa-409712",06-02-1959,142027.33,23671.22,48623.37,5085.74,6,No
4.88601E+11,Vivaan Sane,Female,"H.No. 767, Chahal Marg, Gangtok-144734",05-02-1946,345838.76,28819.9,49582.68,779.64,12,No
6.42612E+11,Kanav Dalal,Male,"09/687, Sehgal Ganj, Baranagar-195778",04-08-1955,366847.5,30570.62,49171.71,8523.3,12,No
2.42184E+11,Nirvi Yohannan,Male,"H.No. 56, Mannan Street, Serampore 542786",16-12-1968,411266.19,27417.75,49237.8,3927.52,15,Yes
7.91776E+11,Dhruv Ramachandran,Male,"H.No. 57, Shetty Chowk, Kalyan-Dombivli 829582",10-05-2002,194846.23,24355.78,43393.73,3731.52,8,No
19630453069,Vritika Chauhan,Male,"18, Bail Circle, Ramgarh-482357",24-05-1952,284549.97,28455,44066.72,689.58,10,No
1.81678E+11,Sana Toor,Male,"63/95, Sankaran Marg, Kamarhati 230817",05-04-1954,237844.35,26427.15,47780.02,10592.27,9,No
1.79938E+11,Rania Dua,Male,"H.No. 38, Tandon Zila, Nagpur-041321",30-12-1948,190913.17,27273.31,48021.21,12847.29,7,No
9.69883E+11,Alisha Bhargava,Other,"60/945, Grover Marg, Avadi-997990",26-08-1990,188299.15,26899.88,42003.31,5322.24,7,No
9.86424E+11,Arhaan Krish,Male,"H.No. 476, Solanki Circle, Bhusawal 706071",02-10-1976,412819.15,31755.32,49267.99,5249.85,13,Yes
8.09832E+11,Inaaya  Batra,Male,"17/653, Keer, North Dumdum 873961",19-02-1945,172429.43,24632.78,45511.03,912.24,7,No
8.98761E+11,Kiara Venkataraman,Female,"H.No. 827, Sarin Road, Jorhat 491872",01-11-2005,178879.18,29813.2,46434.95,11838.07,6,No
1.98075E+11,Ritvik Varma,Female,"H.No. 95, Bhakta Marg, Solapur-773062",01-01-1997,356587.51,25470.54,49729.8,275.06,14,No
179074414062,Azad Dora,Male,"H.No. 97, Saxena Ganj, Bhiwandi-222990",01-04-1974,162445.74,32489.15,45258.86,18611.33,5,No
3.40785E+11,Tejas Sundaram,Female,"85/816, Badal Chowk, Junagadh-111457",01-10-1971,125297.32,25059.46,38672.98,850.72,5,No
8.34827E+11,Hiran Bhasin,Female,"H.No. 923, Sahni Chowk, Proddatur 712961",10-07-1982,356866.91,25490.49,49750.82,869.79,14,No
9.62572E+11,Mehul Chaudhuri,Male,"605, Kumer Nagar, Gorakhpur-980425",03-02-2007,154174.82,30834.96,47169.07,6721.78,5,No
8.9826E+11,Anvi Suresh,Male,"77/731, Hari Street, Ulhasnagar-821781",18-12-1982,161857.88,26976.31,48578.62,5977.15,6,No
4.12747E+11,Nishith Rattan,Male,"460, Bail Marg, Tenali-356793",19-05-1995,168921.24,18769.03,35667.23,4685.91,9,No
1.70454E+11,Anvi Rana,Female,"984, Som Chowk, Bhiwani-618120",01-08-1969,110845.84,22169.17,42261.6,6408.31,5,No
5.709E+11,Vihaan Dey,Male,"H.No. 89, Dube Path, Sasaram-698999",11-10-1953,364411.12,30367.59,49594.79,3014.7,12,No
7.88225E+11,Shayak Bath,Female,"89/14, Deshmukh Road, Hindupur-553935",14-04-1965,372767.3,28674.41,48738.76,3039.98,13,No
7.11526E+11,Shamik Lad,Other,"H.No. 96, Sodhi Ganj, Sagar-588537",10-01-1984,101453.23,14493.32,47853.36,833.82,7,No
4.18949E+11,Fateh Sengupta,Female,"952, Grover Chowk, Katni 497852",09-10-1961,333439.34,30312.67,47970.87,6662.1,11,No
8.27348E+11,Ojas Bhatia,Male,"H.No. 134, Karan Chowk, Sasaram-340679",17-10-1951,135132.91,19304.7,30577.62,9240.48,7,No
5.74835E+11,Adira Hari,Other,"215, Bail Nagar, Alwar 884216",19-05-1958,352208.22,32018.93,49823.15,2042,11,No
5.36463E+11,Nitara Mander,Female,"H.No. 594, Kale Road, Ahmednagar 999485",26-08-2001,219307.64,24367.52,48049.95,4095.08,9,No
90855107409,Indrajit Apte,Male,"638, Anand, Mysore 711363",27-11-1960,155670.94,19458.87,49315.38,1052.92,8,No
5.47602E+11,Manjari Butala,Female,"H.No. 10, Sampath Ganj, Raebareli-733116",01-12-1992,136770.91,15196.77,39714.92,132.44,9,No
9.50026E+11,Ahana  Borde,Other,"H.No. 843, Kamdar Chowk, Pondicherry-789679",02-06-1958,233075.07,33296.44,45334.63,17416.52,7,No
5.07407E+11,Hridaan Sarraf,Other,"633, Goda Path, Panipat 436970",25-02-1991,131394.8,26278.96,46544.44,1499.71,5,No
3.10065E+11,Neelofar Sarkar,Male,"06/955, Anne Marg, Junagadh 616453",02-10-1962,35182.67,7036.53,13943.96,1668.49,5,No
9.41185E+11,Pranay Khatri,Male,"989, Tailor Circle, Vadodara-503121",27-04-1986,285549.14,21965.32,48191.33,3060.31,13,No
6.96802E+11,Ojas Baral,Other,"426, Virk Road, Berhampur 428131",10-09-1986,223676.12,27959.51,49806.18,6352.79,8,No
4.95301E+11,Kaira Sagar,Female,"76/23, Swamy Nagar, Madanapalle-114281",14-06-1997,98537.87,19707.57,41439.27,3736.64,5,No
6.54262E+11,Ishita Sidhu,Other,"823, Gaba Nagar, Darbhanga 880622",23-09-1947,143206.18,28641.24,38977.01,11019.87,5,No
3.4511E+11,Indrans Vaidya,Male,"59/47, Karan Ganj, Bhubaneswar-290162",23-06-1944,141185.53,28237.11,47957.85,12738.52,5,No
21166732904,Amira Lalla,Other,"86/87, Goel Circle, Chandrapur-287203",07-06-1949,389999.54,38999.95,49801.52,22612.27,10,No
1.29964E+11,Rohan Bhardwaj,Other,"45, Dugar Nagar, Davanagere-362792",09-08-1988,163071.37,23295.91,44248.74,3979.11,7,No
7.09207E+11,Vivaan Das,Male,"747, Kaul Marg, Serampore-726032",25-06-2005,152422.22,21774.6,35051.16,3469.51,7,No
8.18971E+11,Ritvik Grover,Other,"66, Ram Zila, Raichur 071553",22-07-1965,241850.31,21986.39,37506.27,4169.5,11,No
8.80054E+11,Aayush Bedi,Female,"H.No. 083, Grewal Circle, Sultan Pur Majra-597595",29-10-1963,352317.46,25165.53,48076.1,2765.68,14,No
28394823220,Baiju Suresh,Female,"68, Sama Nagar, Jamnagar 574223",12-10-1950,107179.8,17863.3,37490.37,6670.79,6,No
8.1166E+11,Raghav Hegde,Male,"H.No. 402, Kadakia Ganj, Erode-689430",11-12-1948,355293.43,23686.23,46861.52,2167.3,15,No
2.81651E+11,Armaan Deo,Female,"727, Baral Zila, Tiruvottiyur-749885",31-05-1987,285497.62,20392.69,45164.36,1243.6,14,No
1.7469E+11,Eshani Brahmbhatt,Female,"067, Gala Road, Panchkula 094412",16-03-1982,219877.43,27484.68,42123.13,3437.35,8,No
3.16708E+11,Vardaniya Choudhary,Female,"188, Jhaveri Path, Gurgaon-413297",19-07-1989,291094.11,24257.84,47706.93,2124.91,12,No
4.40766E+11,Urvi Dugar,Female,"62, Khalsa Marg, Thoothukudi 143776",24-06-1984,161401.81,16140.18,44115,525.95,10,No
2.43626E+11,Yuvaan Kale,Other,"925, Ram Street, Guntakal-111102",17-03-1981,462119.25,30807.95,47462.26,2060.61,15,Yes
6.43385E+11,Bhamini Yadav,Other,"H.No. 072, Bhavsar Nagar, Ambarnath 910245",29-03-1951,137457.67,27491.53,47473.26,11868.93,5,No
31158760545,Keya Barman,Female,"267, Deol Zila, Tadepalligudem 942179",11-06-2002,338116.06,30737.82,45815.27,13485.73,11,No
5.35366E+11,Indranil Rout,Other,"34/06, Salvi Path, Bhalswa Jahangir Pur 584466",09-05-1999,263016.91,23910.63,48117.53,3272.75,11,No
9.48153E+11,Yashvi Vaidya,Female,"372, Badami Street, Allahabad 217221",29-08-1963,234022.17,21274.74,46139.63,775.96,11,No
2.61405E+11,Prisha Dutta,Male,"61, Sethi Circle, Bhagalpur-052635",06-12-1948,238990.58,26554.51,44317.93,5302.07,9,No
8178522115,Arhaan Trivedi,Other,"776, Kar Path, Khammam 592024",24-09-1972,348530.47,26810.04,45815.9,8893.29,13,No
7.01732E+11,Aradhya Vora,Female,"H.No. 238, Kota, Panihati 600559",27-10-1969,280097.46,23341.46,45560.23,2427.4,12,No
2.78106E+11,Aarav Ben,Female,"258, Lanka Road, Dehri-607984",06-02-1981,350032.68,23335.51,48386.21,1420.84,15,No
1.72031E+11,Azad Dhar,Other,"91, Thakkar Chowk, Madhyamgram 593744",07-02-2005,322070.95,29279.18,48321.37,8882.91,11,No
3.32227E+11,Manikya Sami,Male,"H.No. 08, Bahri Ganj, Hospet 606014",10-11-1980,172225.93,34445.19,42657.92,14437.74,5,No
3.53237E+11,Advik Krishna,Female,"93, Sahota Circle, Bhiwandi 685283",28-05-1945,166074.12,27679.02,45379.16,19515.59,6,No
705252401449,Dhanush Gala,Male,"H.No. 124, Saha Street, Bardhaman-263251",02-07-1996,310574.32,31057.43,49026.15,4573.06,10,No
6.48467E+11,Sahil Madan,Male,"103, Sood Zila, Mangalore 751887",13-03-1979,185937.05,23242.13,49125.33,942.68,8,No
4.25892E+11,Anya Sami,Male,"H.No. 15, Hari Street, Bongaigaon 091122",19-09-1967,343851.52,24560.82,49645.85,2560.52,14,No
7.41308E+11,Elakshi Tandon,Female,"50/566, Swamy Zila, Rajpur Sonarpur-397913",23-03-2001,126539.38,18077.05,39248.8,776.25,7,No
6.39756E+11,Ivana Solanki,Female,"H.No. 53, Badami Nagar, Maheshtala-950556",16-06-1995,256361.28,28484.59,46845.5,3693.84,9,No
5.56409E+11,Saksham Venkataraman,Female,"198, Sinha Circle, Guntakal-778851",19-12-1986,192851.63,16070.97,32636.25,126.34,12,No
1.21241E+11,Vedika Tiwari,Female,"H.No. 86, Bahl Road, Pimpri-Chinchwad 246245",06-04-2002,326523.53,25117.19,49255.99,1913.15,13,No
6.07599E+11,Dhanuk Lanka,Male,"44, Apte Marg, Anantapuram 212899",21-05-2002,451169.31,30077.95,47695.26,4675.61,15,Yes
2.31202E+11,Taran Bhandari,Female,"H.No. 51, Mani Street, Ballia 304488",26-07-2006,211404.03,19218.55,48411.66,443.69,11,No
8.6765E+11,Zoya Sawhney,Male,"H.No. 604, Batra Marg, Agartala 211901",04-02-2005,224951.8,20450.16,49531.32,1250.37,11,No
6.49693E+11,Arnav Keer,Male,"14/29, Wason Circle, Jodhpur 229107",20-04-1959,295338.66,21095.62,49373.66,8139,14,No
5.94899E+11,Jayan Shan,Female,"H.No. 849, Koshy Ganj, Allahabad-396384",12-11-1967,398412.92,26560.86,46407.35,3742.4,15,No
9.34497E+11,Yuvaan Rajagopal,Male,"H.No. 39, Sastry Zila, Rohtak-016934",25-06-1991,349185.81,26860.45,41854.9,6502.35,13,No
8.94132E+11,Kashvi Chanda,Other,"033, Setty Nagar, Tenali 341903",31-03-1993,129171.66,18453.09,44971.97,2263.25,7,No
6.55792E+11,Rasha Amble,Female,"H.No. 37, Borah Street, Arrah-668473",22-10-2002,325547.95,23253.43,46452.13,5828.46,14,No
6.58964E+11,Lagan Hayer,Female,"37/746, Date Nagar, Bhiwani 200784",23-04-1958,170085.14,28347.52,47224.65,13128.46,6,No
4.56631E+11,Faiyaz Wadhwa,Male,"H.No. 42, Sodhi Marg, Bhalswa Jahangir Pur 975437",09-02-1958,202831.2,22536.8,46646.13,1770.93,9,No
4.63104E+11,Anvi Hayer,Other,"37, Anand Street, Shivpuri 388214",08-07-1993,158912.37,31782.47,49429.97,1730.21,5,No
2.9469E+11,Elakshi Datta,Female,"84/601, Wali, New Delhi 438998",03-03-2007,133079.42,14786.6,39589.61,1973.24,9,No
2.89467E+11,Mishti Kothari,Male,"H.No. 586, Garde, Ongole 214644",29-04-1984,120270.71,17181.53,39681.07,565.03,7,No
1.3303E+11,Mishti Iyer,Male,"79, Walia Ganj, Anantapur 557385",30-12-1977,167955.7,27992.62,46647.45,634.24,6,No
2.79955E+11,Adah Mand,Male,"H.No. 923, Verma Marg, Kurnool 681187",29-04-1993,175888.84,29314.81,47083.95,8734.77,6,No
2.30342E+11,Madhup Shan,Other,"H.No. 10, Ahluwalia Road, Jamshedpur-973153",25-01-1986,128268.87,25653.77,47884.83,4634.26,5,No
50764871775,Divij Swaminathan,Female,"H.No. 748, Saha Street, Unnao 651189",17-01-1960,292716.31,26610.57,46290.4,2597.32,11,No
7.25812E+11,Aarav Kala,Female,"82, Shankar Nagar, Aurangabad 432230",12-04-1994,295423.83,26856.71,47363,3907.83,11,No
2.1211E+11,Kiaan Thaker,Other,"470, Chowdhury Chowk, Patna-354621",01-03-2001,341302.03,34130.2,49127.76,2594.83,10,No
7.40393E+11,Anika Gulati,Other,"H.No. 08, Sani Street, Moradabad 231261",05-01-1974,205087.9,20508.79,44298.9,7191.04,10,No
3.87221E+11,Rati Talwar,Male,"88/899, Wali Path, Sangli-Miraj & Kupwad-762974",03-12-1965,311976.09,28361.46,47909.89,175.24,11,No
4.44705E+11,Mahika Chhabra,Female,"46, Kaul Circle, Amaravati 203818",20-01-1977,96907.44,19381.49,43023.05,1138.4,5,No
6.85195E+11,Nehmat Mannan,Female,"28/32, Bakshi Ganj, New Delhi-588144",13-01-1967,274261.16,24932.83,47386.67,8084.9,11,No
5.92062E+11,Jayesh Bains,Male,"231, Borah Circle, Madurai-815724",02-02-2002,129791.79,25958.36,46379.58,7630.38,5,No
1.56303E+11,Aniruddh Babu,Female,"00/152, Baria, Jhansi 178509",13-03-1946,245992.26,30749.03,47702.37,7793.05,8,No
66154980851,Sumer Dugar,Male,"44/42, Mahajan Zila, Ghaziabad-478122",14-07-2000,201904.63,25238.08,42598.22,2276.11,8,No
2.11221E+11,Damini Rastogi,Other,"70, Kalla Circle, Indore 900436",09-12-1967,249758.19,24975.82,49572.55,520.96,10,No
8.80644E+11,Dhruv Golla,Other,"69, Dalal Zila, Jalgaon 835505",17-07-1965,289599.63,24133.3,47292.01,12303.14,12,No
9.62342E+11,Vardaniya Mani,Male,"07/06, Dara Ganj, Madanapalle-950982",29-12-1952,144970.25,18121.28,39812.3,3291.8,8,No
7.89118E+11,Biju Desai,Other,"48, Walia Zila, Bhilwara 287738",18-08-1957,241833.5,17273.82,43771.65,206.33,14,No
53285386310,Saanvi Singhal,Female,"43, Samra Street, Ajmer-942894",05-03-1972,436980.28,29132.02,46252.75,195.36,15,Yes
76862763328,Indranil Anne,Male,"25/863, Dubey Zila, Gwalior-064625",30-06-1995,343650.05,26434.62,47990.95,4256.76,13,No
6.26714E+11,Tanya Dhillon,Male,"35, Magar Path, Durg 017646",04-05-1998,156894.35,22413.48,39575.99,5047.55,7,No
8.35279E+11,Riaan Kunda,Female,"15/388, Chakraborty Circle, Bathinda 790504",06-03-1991,275877.43,22989.79,44952.81,413.07,12,No
1.92798E+11,Riaan Dar,Other,"538, Raj Road, Bhilai-321119",20-05-1975,290548.84,26413.53,36747.77,930.15,11,No
6.56863E+11,Saira Vyas,Female,"33/91, Koshy Ganj, Guntur 530601",22-02-1950,180845.91,22605.74,47625.96,11253.43,8,No
74299074729,Tara Gade,Female,"86, Sem Circle, Hyderabad-300915",04-06-1997,294957.63,26814.33,49851.09,3240.16,11,No
4.85995E+11,Faiyaz Maharaj,Other,"657, Deo Chowk, Kavali-609365",06-12-1985,220340.51,24482.28,47191.82,5715.97,9,No
1.6498E+11,Himmat Wali,Other,"H.No. 91, Virk Zila, Moradabad 336875",20-06-2001,337692.83,22512.86,48246.14,594.65,15,No
4.84581E+11,Khushi Boase,Male,"239, Krishnan, Srinagar-745561",18-09-1950,452961.48,30197.43,49742.69,826.99,15,Yes
7.50003E+11,Armaan Sarin,Other,"86/05, Sood Nagar, Patiala 666081",13-05-1952,239383.74,23938.37,48415.22,962.64,10,No
4.67909E+11,Aaryahi Sridhar,Female,"083, Hayer Path, Narasaraopet 062715",23-02-1995,338517.64,22567.84,47489.73,1658.38,15,No
5.68652E+11,Divyansh Chahal,Female,"H.No. 50, Kumar Marg, Junagadh-776829",14-10-1958,225790.91,22579.09,46953.14,8995.2,10,No
3.47047E+11,Riaan Shere,Other,"480, Kapur Circle, Tiruvottiyur 378826",30-07-1947,214908.07,21490.81,42420.35,4183.6,10,No
222692968268,Mehul oy,Male,"H.No. 157, Raman Nagar, Guna 991449",22-10-1956,408923.44,27261.56,48498.54,4661.09,15,Yes
8.55852E+11,Riya Kara,Other,"99, Rattan, Chapra 489971",10-12-2004,221011.36,22101.14,45820.22,2831.48,10,No
5.49148E+11,Hunar Loyal,Other,"93/259, Din Zila, Orai 993231",09-01-1957,192528.64,24066.08,39494.59,5695.54,8,No
7.1595E+11,Ritvik Sridhar,Male,"98, Jani Nagar, Proddatur-261760",14-02-1988,194991.36,19499.14,43704.96,1611.23,10,No
8.92609E+11,Jayant Shere,Female,"38/93, Sampath Path, Latur-804056",25-10-2004,130706.92,18672.42,41377.78,581.17,7,No
2.17465E+11,Hridaan Yohannan,Male,"H.No. 826, Singh, Tinsukia-641869",07-03-1970,318210.21,24477.71,43480.89,5458.26,13,No
1.43363E+11,Yuvraj  Rau,Female,"H.No. 876, Samra Zila, Jhansi 951434",27-07-1971,126792.15,12679.22,29819.31,946.4,10,No
3.52119E+11,Nakul Raj,Other,"00/273, Aggarwal Nagar, Ghaziabad 610168",10-03-1958,281735.7,31303.97,46964.24,19554.14,9,No
5.72858E+11,Dhanush Sami,Other,"H.No. 016, Bala Circle, Jodhpur-915076",31-01-1997,139992.2,23332.03,42145.09,2661.97,6,No
9.12488E+11,Mohanlal Lal,Female,"62/053, Deshmukh Road, Shimla-794620",17-01-1993,347558.46,24825.6,49746.2,5034.19,14,No
3.03886E+11,Hiran Seshadri,Other,"29/250, Sur Circle, Pallavaram-602991",10-10-1996,381278.59,31773.22,48306.94,666.69,12,No
2.17791E+11,Akarsh Issac,Other,"337, Basu Ganj, Satara 235617",03-07-1981,212969.54,26621.19,41470.04,4562.57,8,No
7.05326E+11,Anahi Ahluwalia,Male,"11/920, Bhalla Marg, Bhusawal-852778",17-06-1983,114258.78,22851.76,42896.69,6369.95,5,No
2.55136E+11,Uthkarsh Bhat,Male,"18, Dube Road, Guntakal-295026",11-06-1964,298700.09,22976.93,43978.05,2231.55,13,No
340514917354,Divt Kale,Female,"H.No. 373, Thakur Road, Sikar 812778",11-01-1956,206270.84,25783.86,48552.58,455.01,8,No
1.54732E+11,Dhanuk Amble,Other,"98, Behl Street, Bhilwara-298579",28-03-1974,173279.44,24754.21,47830.29,5872.94,7,No
2.83773E+11,Tara Kala,Other,"H.No. 828, Jayaraman Path, Sonipat-970798",18-05-1993,240375.99,21852.36,44675.74,3919.52,11,No
9.75358E+11,Yuvaan Sangha,Male,"06, Dalal Chowk, Kadapa 050682",06-03-1950,166694.62,20836.83,49008.45,512.8,8,No
8.14447E+11,Jivin Choudhury,Male,"21/650, Madan Path, Vasai-Virar 692182",22-05-1949,97845.2,19569.04,28809.69,2340.69,5,No
9.09229E+11,Shaan Mander,Female,"08/98, Dalal Road, Narasaraopet-802205",07-10-1998,291208.05,29120.81,44648.56,5683.1,10,No
68811640343,Lavanya Saraf,Other,"94/842, Wadhwa Road, Phagwara-145788",06-08-1975,305011.13,23462.39,45067.18,794.84,13,No
4.13091E+11,Rania Sagar,Male,"H.No. 23, Iyer Circle, Pali-382097",22-02-1963,202225.75,28889.39,48497.43,3484.22,7,No
2.31906E+11,Vanya Barad,Male,"98, Handa Chowk, Ramgarh 872258",09-09-1983,127604.42,25520.88,41959.4,2924.2,5,No
9.32454E+11,Bhamini Shere,Female,"80/623, Bal Path, Ludhiana 669579",17-01-1947,164265.72,27377.62,47742.1,1505.25,6,No
8.7265E+11,Pari Bhatia,Female,"25/54, Chand Road, Jaunpur-325942",16-11-1987,200416.63,22268.51,41635.85,798.04,9,No
9.00347E+11,Myra Bhavsar,Female,"389, Garde Zila, Dehradun 152857",17-07-1956,117625.75,23525.15,46719.08,7550.53,5,No
2.00954E+11,Vidur Chacko,Male,"33/58, Srinivas, Kota-818655",08-03-1946,254988.34,23180.76,48288.27,597.82,11,No
73971307221,Ela Deep,Male,"H.No. 957, Tella Road, Rajahmundry-349189",04-07-1949,185066.77,23133.35,44241.52,2158.7,8,No
45461719281,Anya Ram,Female,"H.No. 385, Dalal, Agra-536415",02-06-1964,115080.07,23016.01,49164.19,7320.52,5,No
3.44225E+11,Emir Gade,Male,"H.No. 325, Wali, Gurgaon 813675",22-07-1947,204625.33,25578.17,47722.06,949.18,8,No
7.7269E+11,Miraya Deol,Male,"H.No. 10, Chakrabarti Path, Yamunanagar-987809",14-04-1994,177753.61,25393.37,48536.66,1302.91,7,No
2.45599E+11,Tanya Khare,Male,"H.No. 23, Lall Circle, Rewa 258660",08-07-1966,460141.76,32867.27,49669.05,8619.4,14,Yes
8.68624E+11,Vritika Shroff,Female,"H.No. 42, Koshy Street, Sasaram-485965",24-08-1998,221453.09,24605.9,48838.36,1279.42,9,No
4.99216E+11,Vedika Sawhney,Male,"24/91, Tak Zila, Thoothukudi 200024",14-10-1969,226860.63,20623.69,47232.99,2049.73,11,No
2.13987E+11,Khushi Sabharwal,Male,"215, Banerjee Path, Kolkata-570836",30-03-1982,211133.52,35188.92,49893.77,10045.16,6,No
5.5033E+11,Pihu Bedi,Male,"H.No. 88, Handa, Dharmavaram 273677",22-05-1993,263269.45,29252.16,49703.79,267.6,9,No
1.1416E+11,Nayantara Jhaveri,Male,"582, Dhawan Path, Coimbatore-281231",12-01-1953,218811.04,31258.72,47259.04,10156.92,7,No
7.90609E+11,Mahika Bora,Female,"10/60, Lad Zila, Vijayanagaram 723875",01-02-1946,171087.71,19009.75,42073.76,1250.58,9,No
1.37118E+11,Tiya Keer,Other,"72/257, Dyal Chowk, Mirzapur-726290",01-08-1966,206650.65,22961.18,40265.5,1006.74,9,No
1.53535E+11,Miraya Bath,Other,"83/160, Vig Circle, Gandhidham-721733",30-07-1974,305239.31,21802.81,44539.48,900,14,No
1.82239E+11,Jivika Sagar,Male,"H.No. 22, Mani Street, Bulandshahr-165914",07-07-1960,84758.4,16951.68,26590.83,3594.39,5,No
2.73536E+11,Miraan Yadav,Male,"53/983, Mall Path, Shimoga-177732",09-06-1999,187636.22,20848.47,49625.27,4450.78,9,No
1.2559E+11,Riaan Dasgupta,Other,"H.No. 49, Ramaswamy Chowk, Bokaro 997029",20-04-1956,73512.1,10501.73,20479.09,2783.73,7,No
1.01233E+11,Darshit Buch,Male,"978, Sem Chowk, Kakinada 529883",30-04-1953,453941.64,30262.78,48680.33,675.26,15,Yes
2.27635E+11,Aniruddh Tak,Male,"H.No. 60, Chandra Circle, Agra 487978",12-09-1978,191654.59,38330.92,49153.47,18360.95,5,No
4.72436E+11,Stuvan Sani,Male,"85/238, Balasubramanian Marg, Panihati-443619",19-08-2002,219188.99,31312.71,47640.43,6398.26,7,No
86665622419,Faiyaz Karpe,Female,"391, Sood Nagar, Gangtok 950143",17-12-1976,329847.72,29986.16,42827.34,13551.17,11,No
61848974223,Neysa Vig,Female,"30/96, Barman Chowk, Guntakal-191260",14-07-1987,166210.58,18467.84,40603.58,4435.34,9,No
6.49525E+11,Sana Borra,Female,"176, Shetty Chowk, Meerut 911166",20-07-1951,362084.47,24138.96,40936.18,225.82,15,No
8.82188E+11,Jivin Bail,Female,"25, Sidhu Circle, Kulti 930493",18-10-1973,254024.22,28224.91,49648.87,1012.5,9,No
4.12302E+11,Shayak Chawla,Male,"48, Borde Zila, Belgaum 140868",02-01-1954,192268.78,24033.6,49373.97,3217.85,8,No
3.1979E+11,Aayush Mani,Male,"946, Anand Street, Ambarnath 610399",06-12-1967,91687.17,18337.43,45957.28,5436.2,5,No
7.19786E+11,Vanya Saran,Male,"H.No. 371, Devi Street, Khandwa-858564",30-04-1996,361816.6,27832.05,48911.32,3944.36,13,No
2.10729E+11,Lakshit Vaidya,Female,"H.No. 202, Bala Chowk, Amravati 927387",09-05-1963,401569.03,28683.5,48799.8,1471.77,14,Yes
9.64772E+11,Ivan Ram,Female,"16/690, Comar Marg, Cuttack 815542",07-10-2000,277767.39,25251.58,48517,844.73,11,No
246870027087,Madhup Sarna,Female,"010, Golla, Mehsana 564915",28-07-1974,386036.99,27574.07,49666.38,1094.16,14,No
3.95215E+11,Umang Dhar,Male,"471, Toor Street, Surendranagar Dudhrej-010801",09-09-1998,84085.06,16817.01,47056.75,581.34,5,No
8.42432E+11,Armaan Chawla,Other,"31/76, Singh Road, Unnao 680808",25-01-1951,246711.41,27412.38,45652.45,609.92,9,No
3.02152E+11,Alia Bera,Female,"15/071, Kumar Ganj, Alappuzha-130735",11-11-1949,123757.25,15469.66,43400.02,256.7,8,No
1.47643E+11,Reyansh Gole,Female,"H.No. 36, Bhandari Street, Nagpur 962588",19-06-1990,261407.33,32675.92,45389.61,6927.11,8,No
5.12396E+11,Alia Kala,Female,"03, Mand Zila, Thoothukudi-396274",26-06-2001,176648.19,25235.46,46950.52,2376.16,7,No
24465467720,Vihaan Kamdar,Female,"H.No. 91, Dara Circle, Fatehpur-004666",03-04-1951,116609.64,19434.94,41362.81,1463.09,6,No
4.7837E+11,Shalv Rattan,Other,"H.No. 079, Sama Chowk, Amravati 004938",19-09-1996,117071.43,23414.29,44444.5,3737.51,5,No
5.72603E+11,Saanvi Manda,Female,"H.No. 31, Srinivasan Path, Kalyan-Dombivli 998094",08-06-1988,130882.89,18697.56,44685.8,2380.09,7,No
76327135386,Vivaan Srinivasan,Female,"13/797, Talwar Zila, Eluru-166123",09-06-1977,296412.35,26946.58,44806.45,2700.7,11,No
8.86932E+11,Badal Kibe,Female,"325, Chand Marg, Kottayam-991970",30-12-1948,129226.21,25845.24,47185.15,7325.03,5,No
6.15976E+11,Ivan Wagle,Female,"H.No. 370, Karpe Circle, Aligarh-602041",03-04-2002,148083.5,29616.7,44103.61,17016.15,5,No
4.2619E+11,Miraan Goyal,Male,"H.No. 170, Krishnamurthy Circle, Danapur-186448",04-11-1953,222763.62,20251.24,37504,3843.06,11,No
5.76917E+11,Tara Bhasin,Other,"83/97, Grover Circle, Hyderabad-004806",17-09-1976,251484.63,19344.97,42838.25,1715.86,13,No
26980142647,Anika Sama,Male,"691, Rajan Road, Mysore 287942",05-04-1985,93845,18769,44364.25,1361.14,5,No
31637050049,Jhanvi Zacharia,Male,"69/704, Raja Nagar, Berhampur-419615",03-07-1973,182552.01,22819,45849.34,5745.31,8,No
2.94764E+11,Bhamini Yogi,Other,"48, Choudhury Circle, Burhanpur-179624",28-12-1987,304789.75,27708.16,49333.37,3137.19,11,No
2.72728E+11,Lavanya Kade,Female,"83, Ramesh Road, Indore 784217",24-03-1945,359470.81,23964.72,48863.8,2483.12,15,No
4.99507E+11,Jhanvi Gara,Female,"259, Tella Ganj, Panipat 089348",01-09-1971,303275.48,25272.96,49686.49,610.46,12,No
1.5439E+11,Mannat Bail,Male,"H.No. 67, Shetty Street, Madanapalle-609114",18-06-1949,109373.26,15624.75,44947.74,427.37,7,No
25550193545,Faiyaz Raj,Other,"92/361, Chhabra Ganj, Vellore-523045",17-04-1982,339923.54,22661.57,44883.36,8193.84,15,No
6.20806E+11,Yakshit Ganesan,Female,"H.No. 44, Bora Chowk, Amravati 650344",12-05-1946,121889.53,20314.92,29962.37,8168.45,6,No
9.99201E+11,Yakshit Uppal,Female,"71/824, Luthra, Bongaigaon 678214",08-11-1949,352006.39,29333.87,49300.59,8086.65,12,No
1.92267E+11,Purab Jhaveri,Other,"H.No. 92, Rattan Marg, Bilaspur 989396",01-11-1991,272084.66,24734.97,47544.45,6492.63,11,No
96173009928,Sahil Kulkarni,Female,"15/594, Suri Path, Bhubaneswar-929207",09-01-1969,230465.58,23046.56,43740.54,3233.45,10,No
2.19143E+11,Rasha Halder,Other,"H.No. 171, Sanghvi Marg, Ambattur 365362",30-03-1951,152347.67,21763.95,48540.32,6429.81,7,No
8.83458E+11,Shaan Grewal,Female,"00, Rajan Nagar, Bhavnagar 894204",29-01-2007,353680.36,29473.36,49310.25,2168.22,12,No
25784640858,Uthkarsh Sanghvi,Female,"76, Gade Nagar, Firozabad 045657",26-11-1995,320577.9,24659.84,48635.76,997.67,13,No
9.25436E+11,Shlok Luthra,Male,"H.No. 53, Srinivas Ganj, Khandwa 354662",28-07-2002,195534.8,27933.54,46697.93,9259.99,7,No
6.24729E+11,Trisha Kadakia,Male,"H.No. 165, Ramanathan, Berhampur 062212",16-10-1954,178098.67,25442.67,39666.65,12359.63,7,No
9.6627E+11,Jivin Singh,Male,"74, Bhavsar Marg, Pudukkottai-601124",10-09-1992,234059.5,16718.54,41814.1,1036.28,14,No
2.24712E+11,Divij Grewal,Male,"H.No. 080, Khalsa Zila, Ongole 823129",17-12-1984,324642.65,24972.51,48783.26,1959.87,13,No
8.50095E+11,Ahana  Srivastava,Male,"26, Varkey Road, Khandwa 212038",14-07-1961,327896.8,27324.73,46849.14,720.3,12,No
982572043217,Sara Was,Female,"659, Verma Marg, Surendranagar Dudhrej-254824",21-02-1953,223760.86,31965.84,47555.99,18164.41,7,No
6.34943E+11,Oorja Mallick,Female,"H.No. 54, Babu Nagar, Rohtak-547523",22-12-2001,185550.74,18555.07,42326.92,1086.66,10,No
2.48374E+11,Faiyaz Boase,Female,"74/897, Sha, Hospet-633427",27-12-1955,212034.83,21203.48,41213.35,637.94,10,No
8.53627E+11,Kartik Vig,Male,"H.No. 750, Balasubramanian Circle, Medininagar-304530",30-09-1970,296193.51,22784.12,47868.19,703.19,13,No
187256858002,Shaan Sem,Female,"35/34, Badami Nagar, Kottayam-677848",08-01-2006,384551.18,25636.75,47813.63,13862.79,15,No
357723498979,Aatna Gera,Other,"H.No. 45, Deep Road, Meerut-851799",27-03-1959,197471.26,21941.25,46232.69,1774.55,9,No
308113206724,Renee Srinivasan,Female,"53/912, Kari Circle, Siwan 999698",13-06-1979,199579.25,24947.41,45750.86,1921.6,8,No
9.83307E+11,Tarini Sant,Other,"H.No. 79, Toor Street, Vasai-Virar 724630",29-07-1999,160399.04,26733.17,44403.84,6868.4,6,No
9.41909E+11,Samiha Ram,Other,"423, Sachar Circle, Guntakal-283391",16-09-1954,256978.4,25697.84,40679,2429.87,10,No
8.76055E+11,Neelofar Sahni,Other,"29, Chadha Ganj, Gangtok-221010",13-01-1957,257476.25,21456.35,38273.21,1584,12,No
1.62907E+11,Jayant Walia,Male,"H.No. 867, Gupta Marg, Ranchi 898761",14-03-1945,435256.54,29017.1,49760.3,403.18,15,Yes
4.94269E+11,Ritvik Chandra,Other,"H.No. 403, Dhillon Circle, Latur 980746",21-09-1997,422392.48,28159.5,49694.81,5736.44,15,Yes
1.95873E+11,Kartik Dugar,Female,"51/00, Sha Ganj, Berhampore 205459",29-03-1970,191738.76,23967.35,43591.11,2809.74,8,No
1.78168E+11,Dhanuk Gandhi,Other,"66, Desai Marg, Srinagar 654113",22-08-1963,164231.12,27371.85,45156.33,2685.07,6,No
6.49282E+11,Zara Kapoor,Female,"99, Som Road, Kalyan-Dombivli 583668",16-03-1958,153748.84,30749.77,48868.59,14987.36,5,No
30880817262,Ishita Bobal,Other,"697, Lalla Nagar, Panvel-888917",11-06-1980,159428.73,22775.53,43518.93,8775.28,7,No
7288959274,Vardaniya Rana,Male,"H.No. 596, Golla Street, Solapur 609320",10-05-1950,182605.43,30434.24,46859.26,208.89,6,No
6.12766E+11,Adah Wadhwa,Male,"89/826, Dora Nagar, Begusarai 952175",11-04-1967,274834.96,34354.37,49713.84,21121.83,8,No
4.43596E+11,Fateh Karpe,Male,"H.No. 12, Divan Chowk, Madanapalle-118824",10-09-1950,184336.96,26333.85,46529.28,646.51,7,No
330442261525,Hiran Kamdar,Male,"297, Kunda Path, Hospet 454218",10-01-1968,326337.8,25102.91,45922.71,138.38,13,No
4.05536E+11,Umang Kibe,Female,"82, Uppal Nagar, Cuttack 709001",15-06-1987,408968.05,27264.54,49904.07,911.79,15,Yes
2.32361E+11,Madhup Sarraf,Female,"H.No. 07, Cherian Street, Alwar 282895",29-10-2004,259705.62,28856.18,45577.41,6554.45,9,No
42986226992,Aarush Balakrishnan,Male,"82/24, Dara Chowk, Bhavnagar 168507",03-12-1948,337750.32,30704.57,49264.81,3726.31,11,No
2.99834E+11,Vedika Gill,Female,"H.No. 950, Chakraborty, Moradabad 526105",30-11-1959,329240.39,27436.7,47381.6,2537.9,12,No
1.53984E+11,Baiju Tara,Male,"H.No. 071, Rajagopalan Marg, Kanpur-741894",31-08-1982,145876.26,29175.25,48946.55,2578.55,5,No
6.29143E+11,Rasha Din,Male,"87/69, Mangat Circle, Haridwar-294471",27-07-1972,115231.7,23046.34,40595.22,7700.06,5,No
